{
  "cuad": {
    "n": 50,
    "EM": 0.12,
    "F1": 0.3382868178309322,
    "abstain": 0.22,
    "hit@5": 0.64,
    "P@5": 0.15466666666666667,
    "MRR": 0.3813333333333333,
    "median_ms": 2146.2,
    "avg_tokens": 2201.32
  },
  "musique": {
    "n": 50,
    "EM": 0.3,
    "F1": 0.308,
    "abstain": 0.6,
    "hit@5": 0.96,
    "P@5": 0.36800000000000005,
    "MRR": 0.7983333333333333,
    "median_ms": 1159.0,
    "avg_tokens": 737.94
  },
  "musique_2hop": {
    "n": 17,
    "EM": 0.29411764705882354,
    "F1": 0.29411764705882354,
    "abstain": 0.6470588235294118,
    "hit@5": 0.9411764705882353,
    "P@5": 0.2705882352941177,
    "MRR": 0.8039215686274509,
    "median_ms": 918.3,
    "avg_tokens": 682.2352941176471
  },
  "musique_3hop": {
    "n": 17,
    "EM": 0.29411764705882354,
    "F1": 0.29411764705882354,
    "abstain": 0.6470588235294118,
    "hit@5": 1.0,
    "P@5": 0.3647058823529412,
    "MRR": 0.7794117647058824,
    "median_ms": 1090.0,
    "avg_tokens": 725.3529411764706
  },
  "musique_4hop": {
    "n": 16,
    "EM": 0.3125,
    "F1": 0.3375,
    "abstain": 0.5,
    "hit@5": 0.9375,
    "P@5": 0.475,
    "MRR": 0.8125,
    "median_ms": 1838.0,
    "avg_tokens": 810.5
  }
}